observation_date,NYGDPPCAPKDCAN,NYGDPPCAPKDDNK,NYGDPPCAPKDFRA,NYGDPPCAPKDJPN,NYGDPPCAPKDNLD,NYGDPPCAPKDSGP,NYGDPPCAPKDUSA
1960-01-01,15432.4717833,17520.7464816,10733.3038952,6388.8781006,14369.9782010,3611.9536514,18991.5446026
1961-01-01,15605.5232232,18508.6964443,11133.1470725,7094.4704645,14224.1232711,3777.3946349,19108.9353646
1962-01-01,16455.7535158,19405.8956886,11779.2903793,7655.0552603,14982.6014413,3951.7604700,19965.1435754
1963-01-01,17007.6907403,19376.2803404,12384.5365891,8219.9873966,15317.7070002,4239.9926615,20545.7842454
1964-01-01,17800.8641258,21003.9109981,13040.5667069,9084.7951805,16364.8358936,4004.4587935,21437.5840704
1965-01-01,18585.8814555,21790.2312358,13537.0486210,9510.5495658,17536.8824970,4214.5092865,22526.2055149
1966-01-01,19476.0270405,22208.4289214,14119.5206477,10426.6399028,17783.9544415,4529.5260302,23714.9390278
1967-01-01,19715.0936179,23330.9951647,14690.8074819,11462.9263866,18511.9893625,4984.7841770,24044.5651279
1968-01-01,20371.1440610,24546.6538400,15227.4770197,12794.6236238,19496.2110459,5562.3200770,24948.3568988
1969-01-01,21114.2870497,26071.0399379,16176.7441007,14221.0523672,20510.8205773,6237.2509366,25471.6161787
1970-01-01,21428.9091562,26356.1270284,17024.1166969,14114.3158179,21502.1677712,6997.1990293,25231.1271580
1971-01-01,21642.5407786,27005.3650669,17763.4267120,14456.8211953,22165.2641885,7722.8645118,25734.4828350
1972-01-01,22573.5662846,27871.0435311,18407.1540190,15455.1369428,22717.6765288,8590.6086481,26798.5336071
1973-01-01,23799.6955335,29010.5191395,19465.8926386,16463.2791725,23757.1122032,9325.5661134,28042.5519162
1974-01-01,24257.8167999,28597.3223138,20244.6170584,16046.7846824,24382.2248610,9732.7270627,27637.2997746
1975-01-01,24275.8127522,28112.9709514,19922.0019496,16333.6748183,24166.3402438,9974.2209181,27309.8688169
1976-01-01,25369.4634276,29723.0911169,20707.7547196,16801.9250306,25045.8849217,10572.5669042,28509.1430550
1977-01-01,25960.6392191,30218.9600379,21347.5558457,17370.6165468,25524.9215447,11141.5797970,29528.9663684
1978-01-01,26663.7707120,30853.3720173,22078.7228203,18120.7284270,26052.3514823,11863.6939677,30834.9992318
1979-01-01,27384.6779270,32025.1913449,22792.2359547,18953.3339137,26394.2638789,12834.1600896,31462.1003888
1980-01-01,27622.3733828,31745.9167869,23050.9255989,19334.3747442,26537.6185482,13953.8901708,31081.6216349
1981-01-01,28215.5308547,31519.6357994,23186.7612581,20011.8292509,26149.6510705,14737.3005854,31559.1293394
1982-01-01,26999.0790715,32770.4867210,23666.5121749,20525.2958515,25707.0445821,15106.2507665,30696.0834355
1983-01-01,27418.4916003,33663.5864689,23836.4019022,21122.9648423,26139.8532419,16186.9145138,31810.9216098
1984-01-01,28762.9721968,35142.7674473,24102.0176236,21912.1518619,26833.4491078,17280.3703822,33818.8235514
1985-01-01,29851.6432828,36587.4452820,24358.1382809,22898.9942415,27397.7390478,17149.3155015,34918.1302012
1986-01-01,30183.4087850,38268.0683804,24813.0302673,23527.7125188,28005.4569170,17396.0281364,35794.8877747
1987-01-01,31001.1298424,38396.5670667,25308.6209153,24503.0845658,28365.7513365,18986.7527004,36701.9453875
1988-01-01,31951.5504814,38482.6663518,26374.1221757,26026.8648821,29152.9132810,20595.9751389,37889.3773471
1989-01-01,32116.9233357,38727.7183715,27372.0534833,27199.9399695,30259.4323164,22031.8971300,38911.5418951
1990-01-01,31700.5462698,39306.7939163,27992.9751563,28422.2131195,31308.9134353,23272.7000932,39200.0658112
1991-01-01,30654.3331377,39776.5961663,28197.2359568,29308.2740881,31820.8312758,24132.7153291,38637.8398141
1992-01-01,30563.3788184,40447.2328227,28482.5194710,29462.6539671,32119.9518916,24973.4311358,39447.9472855
1993-01-01,31032.7546013,40280.8935830,28257.0962436,29232.4397928,32297.9765926,27139.9524279,40002.4762253
1994-01-01,32074.1562430,42270.6520790,28822.5006563,29466.7552452,33054.4495250,29220.2727915,41106.9881844
1995-01-01,32595.4515182,43328.5293424,29379.6158447,30171.1637924,33916.5007891,30379.8991145,41710.8207250
1996-01-01,32801.3018549,44331.6199507,29683.7786061,31046.1701545,34915.1715995,31349.3171805,42783.8165698
1997-01-01,33867.0079132,45546.5896032,30325.5228743,31276.1930772,36211.6493282,32835.2518506,44151.6860414
1998-01-01,34894.6134280,46437.1921036,31256.5073871,30795.0888901,37661.7336704,31043.1081801,45596.4306843
1999-01-01,36391.5353259,47657.1731936,32152.7207413,30636.2661169,39298.7334164,32557.0469904,47234.2455275
2000-01-01,37906.8601153,49266.9882702,33255.1379678,31430.6311303,40665.3381348,34890.0811365,48616.2546258
2001-01-01,38200.4561131,49557.1510075,33640.6738011,31476.0520666,41297.3198198,33597.8690808,48597.4246142
2002-01-01,38921.6672955,49624.5965334,33753.5782920,31416.1241772,41135.4190926,34598.8267484,48967.3661201
2003-01-01,39270.0234544,49708.0909000,33840.6175644,31830.2175849,40981.8476753,36709.7965038,49905.5233074
2004-01-01,40108.7587390,50956.3045507,34557.1471191,32515.1158024,41663.1477703,39856.6356223,51348.3473376
2005-01-01,41006.2229320,52015.1841293,34946.0372441,33098.5474665,42411.3453296,41798.4880835,52649.5713055
2006-01-01,41663.5123054,53823.1590415,35645.4162478,33531.5185631,43841.1223359,44159.4101821,53596.3152372
2007-01-01,42106.8724267,54113.9771444,36322.1685117,33990.0360342,45445.5228940,46178.8139470,54152.8292651
2008-01-01,42067.5686999,53572.5346597,36257.3658869,33557.6454042,46227.2111446,44601.5799303,53703.9628961
2009-01-01,40376.4153677,50635.9117993,35052.8510837,31651.0837740,44304.4119419,43331.8746639,51863.6183412
2010-01-01,41164.3399063,51209.4492636,35578.1967959,32942.2020784,44659.2728096,48752.0515442,52821.4047643
2011-01-01,42043.6419607,51667.5313182,36269.9561590,33011.1342301,45239.7318785,50713.5326394,53259.2552139
2012-01-01,42320.6431282,51470.6898338,36161.2918334,33518.4449369,44631.8744697,51679.3527173,54080.2286497
2013-01-01,42851.1705330,51970.3909405,36256.0866890,34239.8862474,44487.0306140,53298.9728558,54844.2425797
2014-01-01,43643.2356475,52368.3625853,36444.3949136,34386.9058553,45042.0669609,54681.9336458,55817.5632472
2015-01-01,43594.1941045,53094.0133608,36702.4323733,34960.6393843,45793.8135435,55645.6068615,57040.2082137
2016-01-01,43551.3426018,54300.2039531,36920.5342871,35242.1993772,46655.0363545,56899.4851245,57658.6708826
2017-01-01,44339.3886693,55601.0145650,37580.5979319,35861.9728546,47670.1056983,59414.6549459,58703.1440780
2018-01-01,44907.3436837,56355.0733009,38062.4435972,36138.5290825,48463.0299572,61216.1250919,60127.2102762
2019-01-01,45100.2914903,57114.6227285,38705.2072997,36043.7844013,49254.0158759,61333.6563162,61400.5481544
2020-01-01,42366.1285193,55934.5556067,35709.2045859,34650.7967803,47086.5803832,59144.3539187,59493.1459820
2021-01-01,44359.6167267,59803.9202100,38030.8571728,35701.4542716,49780.8440434,67638.6459887,62996.2893837
2022-01-01,45227.1447354,60248.6712302,38881.2230653,36202.6392749,51777.5431683,67948.8928272,64342.1179384
2023-01-01,44468.7475024,61295.9818623,39117.4845009,36990.3301140,51305.6282286,65422.4603167,65875.1778814
