observation_date,NGDPRSAXDCCAQ,MA,Hamilton,,,,,,12614.50418,0.54737,0.05201,0.14761,0.27181
1961-01-01,90980.8,,,,,,,,,,,,
1961-04-01,93284.5,,,,,,,,,,,,
1961-07-01,95554.5,93273.3,,,,,,,,,,,
1961-10-01,96854.5,95231.2,,,,,,,,,,,
1962-01-01,99431.8,97280.3,,,,,,,,,,,
1962-04-01,100222.0,98836.1,,,,,,,,,,,
1962-07-01,101503.8,100385.9,,,,,,,,,,,
1962-10-01,103495.5,101740.4,,,,,,,,,,,
1963-01-01,104151.8,103050.4,,,,,,,,,,,
1963-04-01,105666.5,104437.9,,,,,,,,,,,
1963-07-01,106469.5,105429.3,,,,,,,,,,,
1963-10-01,109801.5,107312.5,109098.8,,2.32%,0.64%,,,,,,,
1964-01-01,112550.3,109607.1,111538.3,,2.69%,0.91%,,,,,,,
1964-04-01,112971.8,111774.5,112913.8,,1.07%,0.05%,,,,,,,
1964-07-01,114177.5,113233.2,114390.3,,0.83%,-0.19%,,,,,,,
1964-10-01,114750.3,113966.5,116364.4,,0.69%,-1.39%,,,,,,,
1965-01-01,118400.5,115776.1,117231.2,,2.27%,1.00%,,,,,,,
1965-04-01,119484.5,117545.1,118736.8,,1.65%,0.63%,,,,,,,
1965-07-01,121152.0,119679.0,119893.4,,1.23%,1.05%,,,,,,,
1965-10-01,124121.3,121585.9,122161.0,,2.09%,1.60%,,,,,,,
1966-01-01,126536.5,123936.6,124369.1,,2.10%,1.74%,,,,,,,
1966-04-01,129268.0,126641.9,125452.9,,2.07%,3.04%,,,,,,,
1966-07-01,129206.3,128336.9,127446.2,,0.68%,1.38%,,,,,,,
1966-10-01,130807.5,129760.6,128631.8,,0.81%,1.69%,,,,,,,
1967-01-01,130512.8,130175.5,130952.2,,0.26%,-0.34%,,,,,,,
1967-04-01,133231.8,131517.4,132147.6,,1.30%,0.82%,,,,,,,
1967-07-01,133651.8,132465.5,133811.2,,0.90%,-0.12%,,,,,,,
1967-10-01,134234.0,133705.9,136675.4,,0.39%,-1.79%,,,,,,,
1968-01-01,135378.3,134421.4,138692.7,,0.71%,-2.39%,,,,,,,
1968-04-01,139017.8,136210.0,141205.0,,2.06%,-1.55%,,,,,,,
1968-07-01,140954.0,138450.0,142476.8,,1.81%,-1.07%,,,,,,,
1968-10-01,142905.8,140959.2,144409.8,,1.38%,-1.04%,,,,,,,
1969-01-01,144862.3,142907.4,145065.1,,1.37%,-0.14%,,,,,,,
1969-04-01,145458.3,144408.8,146757.6,,0.73%,-0.89%,,,,,,,
1969-07-01,147072.0,145797.5,147520.7,,0.87%,-0.30%,,,,,,,
1969-10-01,149150.3,147226.9,148182.4,,1.31%,0.65%,,,,,,,
1970-01-01,150072.0,148764.8,149640.1,,0.88%,0.29%,,,,,,,
1970-04-01,150084.5,149768.9,151891.9,,0.21%,-1.19%,,,,,,,
1970-07-01,151637.8,150598.1,153468.1,,0.69%,-1.19%,,,,,,,
1970-10-01,151868.0,151196.8,155485.5,,0.44%,-2.33%,,,,,,,
1971-01-01,151086.8,151530.9,157933.0,,-0.29%,-4.33%,,,,,,,
1971-04-01,155498.3,152817.7,159175.3,,1.75%,-2.31%,,,,,,,
1971-07-01,159795.5,155460.2,160908.9,,2.79%,-0.69%,,,,,,,
1971-10-01,161542.0,158945.3,162750.2,,1.63%,-0.74%,,,,,,,
1972-01-01,161001.5,160779.7,163763.0,,0.14%,-1.69%,,,,,,,
1972-04-01,165565.8,162703.1,164563.2,,1.76%,0.61%,,,,,,,
1972-07-01,166057.0,164208.1,166115.1,,1.13%,-0.03%,,,,,,,
1972-10-01,169957.5,167193.4,166574.2,,1.65%,2.03%,,,,,,,
1973-01-01,174319.5,170111.3,166391.3,,2.47%,4.76%,,,,,,,
1973-04-01,175982.5,173419.8,169221.5,,1.48%,4.00%,,,,,,,
1973-07-01,176800.8,175700.9,171750.4,,0.63%,2.94%,,,,,,,
1973-10-01,180061.8,177615.0,173368.7,,1.38%,3.86%,,,,,,,
1974-01-01,181552.0,179471.5,174997.1,,1.16%,3.75%,,,,,,,
1974-04-01,183414.3,181676.0,178893.2,,0.96%,2.53%,,,,,,,
1974-07-01,183449.5,182805.3,179794.4,,0.35%,2.03%,,,,,,,
1974-10-01,182493.8,183119.2,182481.8,,-0.34%,0.01%,,,,,,,
1975-01-01,181499.5,182480.9,186385.4,,-0.54%,-2.62%,,,,,,,
1975-04-01,183828.0,182607.1,188231.8,,0.67%,-2.34%,,,,,,,
1975-07-01,187354.8,184227.4,190470.3,,1.70%,-1.64%,,,,,,,
1975-10-01,189522.8,186901.9,193728.9,,1.40%,-2.17%,,,,,,,
1976-01-01,192825.5,189901.0,195287.0,,1.54%,-1.26%,,,,,,,
1976-04-01,196983.8,193110.7,197087.7,,2.01%,-0.05%,,,,,,,
1976-07-01,197893.3,195900.9,198310.1,,1.02%,-0.21%,,,,,,,
1976-10-01,198213.0,197696.7,198468.8,,0.26%,-0.13%,,,,,,,
1977-01-01,201253.3,199119.9,198386.2,,1.07%,1.45%,,,,,,,
1977-04-01,202280.3,200582.2,199477.5,,0.85%,1.41%,,,,,,,
1977-07-01,203469.3,202334.3,201122.6,,0.56%,1.17%,,,,,,,
1977-10-01,206693.5,204147.7,202566.2,,1.25%,2.04%,,,,,,,
1978-01-01,208478.5,206213.8,205640.2,,1.10%,1.38%,,,,,,,
1978-04-01,209897.5,208356.5,209366.7,,0.74%,0.25%,,,,,,,
1978-07-01,211855.5,210077.2,211157.6,,0.85%,0.33%,,,,,,,
1978-10-01,213864.3,211872.4,212891.5,,0.94%,0.46%,,,,,,,
1979-01-01,215570.5,213763.4,215836.8,,0.85%,-0.12%,,,,,,,
1979-04-01,218430.3,215955.0,216851.5,,1.15%,0.73%,,,,,,,
1979-07-01,220031.5,218010.8,218091.4,,0.93%,0.89%,,,,,,,
1979-10-01,221507.8,219989.9,220896.0,,0.69%,0.28%,,,,,,,
1980-01-01,223045.8,221528.4,222495.4,,0.68%,0.25%,,,,,,,
1980-04-01,222948.3,222500.6,224164.1,,0.20%,-0.54%,,,,,,,
1980-07-01,222763.0,222919.0,226449.5,,-0.07%,-1.63%,,,,,,,
1980-10-01,225845.3,223852.2,228345.5,,0.89%,-1.09%,,,,,,,
1981-01-01,230710.8,226439.7,230058.6,,1.89%,0.28%,,,,,,,
1981-04-01,233233.3,229929.8,232541.5,,1.44%,0.30%,,,,,,,
1981-07-01,231136.3,231693.5,234364.5,,-0.24%,-1.38%,,,,,,,
1981-10-01,230073.3,231481.0,236141.8,,-0.61%,-2.57%,,,,,,,
1982-01-01,227440.3,229550.0,238074.1,,-0.92%,-4.47%,,,,,,,
1982-04-01,224821.8,227445.1,238753.9,,-1.15%,-5.84%,,,,,,,
1982-07-01,222828.0,225030.0,239275.7,,-0.98%,-6.87%,,,,,,,
1982-10-01,220771.8,222807.2,241356.8,,-0.91%,-8.53%,,,,,,,
1983-01-01,224379.8,222659.9,244126.5,,0.77%,-8.09%,,,,,,,
1983-04-01,228806.3,224652.6,246164.9,,1.85%,-7.05%,,,,,,,
1983-07-01,231376.8,228187.6,246704.3,,1.40%,-6.21%,,,,,,,
1983-10-01,234253.3,231478.8,247708.2,,1.20%,-5.43%,,,,,,,
1984-01-01,238310.5,234646.9,246587.8,,1.56%,-3.36%,,,,,,,
1984-04-01,242935.3,238499.7,244290.7,,1.86%,-0.55%,,,,,,,
1984-07-01,243979.8,241741.9,242385.5,,0.93%,0.66%,,,,,,,
1984-10-01,247787.5,244900.9,240054.1,,1.18%,3.22%,,,,,,,
1985-01-01,251594.5,247787.3,240916.1,,1.54%,4.43%,,,,,,,
1985-04-01,252403.8,250595.3,242681.2,,0.72%,4.01%,,,,,,,
1985-07-01,255608.0,253202.1,244292.1,,0.95%,4.63%,,,,,,,
1985-10-01,259505.0,255838.9,247634.4,,1.43%,4.79%,,,,,,,
1986-01-01,259373.5,258162.2,251587.4,,0.47%,3.09%,,,,,,,
1986-04-01,260864.3,259914.3,255453.2,,0.37%,2.12%,,,,,,,
1986-07-01,261192.3,260476.7,257646.2,,0.27%,1.38%,,,,,,,
1986-10-01,259301.5,260452.7,261570.2,,-0.44%,-0.87%,,,,,,,
1987-01-01,265295.0,261929.6,265263.3,,1.28%,0.01%,,,,,,,
1987-04-01,268693.5,264430.0,266750.3,,1.61%,0.73%,,,,,,,
1987-07-01,272798.8,268929.1,270143.2,,1.44%,0.98%,,,,,,,
1987-10-01,276323.0,272605.1,273597.2,,1.36%,1.00%,,,,,,,
1988-01-01,280349.0,276490.3,274420.8,,1.40%,2.16%,,,,,,,
1988-04-01,282836.8,279836.3,276676.2,,1.07%,2.23%,,,,,,,
1988-07-01,282878.8,282021.5,277973.1,,0.30%,1.76%,,,,,,,
1988-10-01,284820.0,283511.9,277139.5,,0.46%,2.77%,,,,,,,
1989-01-01,288111.0,285269.9,280775.4,,1.00%,2.61%,,,,,,,
1989-04-01,289231.8,287387.6,282757.4,,0.64%,2.29%,,,,,,,
1989-07-01,290276.0,289206.3,285552.1,,0.37%,1.65%,,,,,,,
1989-10-01,289698.3,289735.4,289825.4,,-0.01%,-0.04%,,,,,,,
1990-01-01,292484.3,290819.5,293742.1,,0.57%,-0.43%,,,,,,,
1990-04-01,291310.8,291164.5,296949.3,,0.05%,-1.90%,,,,,,,
1990-07-01,289223.0,291006.0,298653.9,,-0.61%,-3.16%,,,,,,,
1990-10-01,286647.8,289060.5,301180.2,,-0.83%,-4.83%,,,,,,,
1991-01-01,282524.0,286131.6,303764.9,,-1.26%,-6.99%,,,,,,,
1991-04-01,283880.0,284350.6,304847.5,,-0.17%,-6.88%,,,,,,,
1991-07-01,284256.5,283553.5,306490.8,,0.25%,-7.25%,,,,,,,
1991-10-01,284756.0,284297.5,307288.9,,0.16%,-7.33%,,,,,,,
1992-01-01,284957.0,284656.5,309242.6,,0.11%,-7.85%,,,,,,,
1992-04-01,285281.8,284998.3,308943.7,,0.10%,-7.66%,,,,,,,
1992-07-01,286827.0,285688.6,307994.1,,0.40%,-6.87%,,,,,,,
1992-10-01,288461.3,286856.7,307060.0,,0.56%,-6.06%,,,,,,,
1993-01-01,290292.8,288527.0,304041.6,,0.61%,-4.52%,,,,,,,
1993-04-01,292937.0,290563.7,303621.8,,0.82%,-3.52%,,,,,,,
1993-07-01,295738.5,292989.4,302589.7,,0.94%,-2.26%,,,,,,,
1993-10-01,297003.5,295226.3,301962.0,,0.60%,-1.64%,,,,,,,
1994-01-01,301382.8,298041.6,302522.1,,1.12%,-0.38%,,,,,,,
1994-04-01,305782.5,301389.6,302886.4,,1.46%,0.96%,,,,,,,
1994-07-01,309702.8,305622.7,303914.5,,1.34%,1.90%,,,,,,,
1994-10-01,311952.5,309145.9,304992.1,,0.91%,2.28%,,,,,,,
1995-01-01,314818.8,312158.0,306395.9,,0.85%,2.75%,,,,,,,
1995-04-01,314952.5,313907.9,308599.8,,0.33%,2.06%,,,,,,,
1995-07-01,315368.8,315046.7,310985.3,,0.10%,1.41%,,,,,,,
1995-10-01,316641.5,315654.3,312711.6,,0.31%,1.26%,,,,,,,
1996-01-01,317101.0,316370.4,316306.7,,0.23%,0.25%,,,,,,,
1996-04-01,319358.5,317700.3,319891.0,,0.52%,-0.17%,,,,,,,
1996-07-01,322040.8,319500.1,323255.9,,0.80%,-0.38%,,,,,,,
1996-10-01,324592.3,321997.2,326531.0,,0.81%,-0.59%,,,,,,,
1997-01-01,328941.5,325191.5,329991.5,,1.15%,-0.32%,,,,,,,
1997-04-01,332643.3,328725.7,331611.4,,1.19%,0.31%,,,,,,,
1997-07-01,336586.8,332723.9,332880.8,,1.16%,1.11%,,,,,,,
1997-10-01,339839.5,336356.5,334397.9,,1.04%,1.63%,,,,,,,
1998-01-01,344638.0,340354.8,334813.4,,1.26%,2.93%,,,,,,,
1998-04-01,344820.5,343099.3,336374.0,,0.50%,2.51%,,,,,,,
1998-07-01,347962.5,345807.0,338373.4,,0.62%,2.83%,,,,,,,
1998-10-01,352677.3,348486.8,340367.7,,1.20%,3.62%,,,,,,,
1999-01-01,359045.0,353228.3,343890.5,,1.65%,4.41%,,,,,,,
1999-04-01,362006.3,357909.5,347248.7,,1.14%,4.25%,,,,,,,
1999-07-01,367680.5,362910.6,350935.3,,1.31%,4.77%,,,,,,,
1999-10-01,372831.5,367506.1,354649.4,,1.45%,5.13%,,,,,,,
2000-01-01,378669.0,373060.3,359033.4,,1.50%,5.47%,,,,,,,
2000-04-01,383125.8,378208.8,360934.9,,1.30%,6.15%,,,,,,,
2000-07-01,387053.0,382949.3,364256.6,,1.07%,6.26%,,,,,,,
2000-10-01,387818.5,385999.1,368332.0,,0.47%,5.29%,,,,,,,
2001-01-01,390001.5,388291.0,372576.1,,0.44%,4.68%,,,,,,,
2001-04-01,391228.0,389682.7,376078.2,,0.40%,4.03%,,,,,,,
2001-07-01,390953.0,390727.5,381559.6,,0.06%,2.46%,,,,,,,
2001-10-01,393297.8,391826.3,386842.1,,0.38%,1.67%,,,,,,,
2002-01-01,399048.5,394433.1,391947.8,,1.17%,1.81%,,,,,,,
2002-04-01,401406.3,397917.5,396993.5,,0.88%,1.11%,,,,,,,
2002-07-01,404877.3,401777.4,401636.7,,0.77%,0.81%,,,,,,,
2002-10-01,407101.0,404461.5,404504.6,,0.65%,0.64%,,,,,,,
2003-01-01,409366.0,407114.8,407530.4,,0.55%,0.45%,,,,,,,
2003-04-01,408772.3,408413.1,409495.7,,0.09%,-0.18%,,,,,,,
2003-07-01,410300.5,409479.6,409939.3,,0.20%,0.09%,,,,,,,
2003-10-01,413121.0,410731.3,411982.9,,0.58%,0.28%,,,,,,,
2004-01-01,416125.0,413182.2,415545.4,,0.71%,0.14%,,,,,,,
2004-04-01,421055.5,416767.2,417406.4,,1.03%,0.87%,,,,,,,
2004-07-01,426033.8,421071.4,420915.2,,1.18%,1.22%,,,,,,,
2004-10-01,429108.5,425399.3,424224.0,,0.87%,1.15%,,,,,,,
2005-01-01,430611.3,428584.5,426732.7,,0.47%,0.91%,,,,,,,
2005-04-01,433723.5,431147.8,427797.2,,0.60%,1.39%,,,,,,,
2005-07-01,438979.8,434438.2,429541.6,,1.05%,2.20%,,,,,,,
2005-10-01,443339.5,438680.9,431692.9,,1.06%,2.70%,,,,,,,
2006-01-01,446939.0,443086.1,433548.1,,0.87%,3.09%,,,,,,,
2006-04-01,447162.5,445813.7,437234.9,,0.30%,2.27%,,,,,,,
2006-07-01,448421.3,447507.6,441426.4,,0.20%,1.58%,,,,,,,
2006-10-01,450207.0,448596.9,444912.6,,0.36%,1.19%,,,,,,,
2007-01-01,453080.3,450569.5,447970.1,,0.56%,1.14%,,,,,,,
2007-04-01,457455.8,453581.0,451558.8,,0.85%,1.31%,,,,,,,
2007-07-01,459169.8,456568.6,455655.4,,0.57%,0.77%,,,,,,,
2007-10-01,459773.3,458799.6,459183.0,,0.21%,0.13%,,,,,,,
2008-01-01,460118.3,459687.1,463001.8,,0.09%,-0.62%,,,,,,,
2008-04-01,461794.8,460562.1,465383.6,,0.27%,-0.77%,,,,,,,
2008-07-01,465589.5,462500.9,467800.6,,0.67%,-0.47%,,,,,,,
2008-10-01,460187.3,462523.9,469854.8,,-0.51%,-2.06%,,,,,,,
2009-01-01,449802.8,458526.5,471767.0,,-1.90%,-4.66%,,,,,,,
2009-04-01,444950.8,451647.0,474917.3,,-1.48%,-6.31%,,,,,,,
2009-07-01,446940.8,447231.5,476992.5,,-0.06%,-6.30%,,,,,,,
2009-10-01,452133.8,448008.5,478838.9,,0.92%,-5.58%,,,,,,,
2010-01-01,457611.5,452228.7,480501.4,,1.19%,-4.76%,,,,,,,
2010-04-01,460007.8,456584.4,481992.0,,0.75%,-4.56%,,,,,,,
2010-07-01,463228.0,460282.4,484371.2,,0.64%,-4.37%,,,,,,,
2010-10-01,468424.5,463886.8,481952.8,,0.98%,-2.81%,,,,,,,
2011-01-01,471992.0,467881.5,477003.5,,0.88%,-1.05%,,,,,,,
2011-04-01,472848.8,471088.4,474041.6,,0.37%,-0.25%,,,,,,,
2011-07-01,479318.5,474719.8,471877.3,,0.97%,1.58%,,,,,,,
2011-10-01,483127.8,478431.7,471284.5,,0.98%,2.51%,,,,,,,
2012-01-01,483432.8,481959.7,473527.8,,0.31%,2.09%,,,,,,,
2012-04-01,485004.3,483855.0,476431.8,,0.24%,1.80%,,,,,,,
2012-07-01,485668.0,484701.7,480539.1,,0.20%,1.07%,,,,,,,
2012-10-01,486667.5,485779.9,485393.6,,0.18%,0.26%,,,,,,,
2013-01-01,491023.8,487786.4,488743.3,,0.66%,0.47%,,,,,,,
2013-04-01,493851.5,490514.3,491040.2,,0.68%,0.57%,,,,,,,
2013-07-01,497912.5,494262.6,496565.1,,0.74%,0.27%,,,,,,,
2013-10-01,503123.5,498295.8,500082.9,,0.97%,0.61%,,,,,,,
2014-01-01,503973.8,501669.9,501635.8,,0.46%,0.47%,,,,,,,
2014-04-01,508567.8,505221.7,504832.7,,0.66%,0.74%,,,,,,,
2014-07-01,513442.8,508661.5,506358.2,,0.94%,1.40%,,,,,,,
2014-10-01,516991.5,513000.7,507254.6,,0.78%,1.92%,,,,,,,
2015-01-01,514113.0,514849.1,510216.3,,-0.14%,0.76%,,,,,,,
2015-04-01,512709.5,514604.7,512318.6,,-0.37%,0.08%,,,,,,,
2015-07-01,514545.5,513789.3,515603.2,,0.15%,-0.21%,,,,,,,
2015-10-01,514886.5,514047.2,520268.2,,0.16%,-1.03%,,,,,,,
2016-01-01,517933.0,515788.3,522372.7,,0.42%,-0.85%,,,,,,,
2016-04-01,515353.0,516057.5,526804.6,,-0.14%,-2.17%,,,,,,,
2016-07-01,520701.3,517995.8,531253.9,,0.52%,-1.99%,,,,,,,
2016-10-01,523622.5,519892.3,534359.1,,0.72%,-2.01%,,,,,,,
2017-01-01,530210.8,524844.9,534936.4,,1.02%,-0.88%,,,,,,,
2017-04-01,535791.5,529874.9,535867.3,,1.12%,-0.01%,,,,,,,
2017-07-01,535959.8,533987.4,537339.0,,0.37%,-0.26%,,,,,,,
2017-10-01,538679.0,536810.1,536631.5,,0.35%,0.38%,,,,,,,
2018-01-01,544941.3,539860.0,538206.4,,0.94%,1.25%,,,,,,,
2018-04-01,549192.0,544270.8,537502.0,,0.90%,2.17%,,,,,,,
2018-07-01,551962.3,548698.5,540837.7,,0.59%,2.06%,,,,,,,
2018-10-01,553262.5,551472.3,543162.1,,0.32%,1.86%,,,,,,,
2019-01-01,554594.0,553272.9,547008.4,,0.24%,1.39%,,,,,,,
2019-04-01,560665.5,556174.0,552290.7,,0.81%,1.52%,,,,,,,
2019-07-01,562233.3,559164.3,554439.6,,0.55%,1.41%,,,,,,,
2019-10-01,563838.5,562245.8,558551.3,,0.28%,0.95%,,,,,,,
2020-01-01,552844.0,559638.6,563662.2,,-1.21%,-1.92%,,,,,,,
2020-04-01,492031.5,536238.0,566761.8,,-8.24%,-13.19%,,,,,,,
2020-07-01,536725.3,527200.3,570162.7,,1.81%,-5.86%,,,,,,,
2020-10-01,546807.0,525187.9,573348.1,,4.12%,-4.63%,,,,,,,
2021-01-01,556122.3,546551.5,575708.8,,1.75%,-3.40%,,,,,,,
2021-04-01,555470.5,552799.9,580046.4,,0.48%,-4.24%,,,,,,,
2021-07-01,566660.5,559417.8,581770.3,,1.29%,-2.60%,,,,,,,
2021-10-01,576806.0,566312.3,583988.6,,1.85%,-1.23%,,,,,,,
2022-01-01,581725.3,575063.9,579935.7,,1.16%,0.31%,,,,,,,
2022-04-01,587179.3,581903.5,546740.0,,0.91%,7.40%,,,,,,,
2022-07-01,590733.3,586546.0,566854.6,,0.71%,4.21%,,,,,,,
2022-10-01,589886.8,589266.5,562732.6,,0.11%,4.83%,,,,,,,
2023-01-01,595588.8,592069.6,558423.7,,0.59%,6.66%,,,,,,,
2023-04-01,596820.0,594098.5,572187.8,,0.46%,4.30%,,,,,,,
2023-07-01,595994.8,596134.5,582394.3,,-0.02%,2.34%,,,,,,,
2023-10-01,597039.3,596618.0,590965.4,,0.07%,1.03%,,,,,,,
2024-01-01,600063.8,597699.3,595660.4,,0.40%,0.74%,,,,,,,
2024-04-01,603350.0,600151.0,603440.7,,0.53%,-0.02%,,,,,,,
2024-07-01,604893.0,602768.9,609153.5,,0.35%,-0.70%,,,,,,,
