observation_date,NYGDPPCAPKDJPN
1960-01-01,6388.87810064976
1961-01-01,7094.47046454383
1962-01-01,7655.05526031226
1963-01-01,8219.98739660426
1964-01-01,9084.79518054167
1965-01-01,9510.54956577863
1966-01-01,10426.63990279960
1967-01-01,11462.92638655870
1968-01-01,12794.62362377670
1969-01-01,14221.05236723920
1970-01-01,14114.31581790760
1971-01-01,14456.82119534590
1972-01-01,15455.13694283910
1973-01-01,16463.27917250650
1974-01-01,16046.78468238220
1975-01-01,16333.67481832560
1976-01-01,16801.92503062580
1977-01-01,17370.61654684120
1978-01-01,18120.72842698210
1979-01-01,18953.33391373990
1980-01-01,19334.37474424010
1981-01-01,20011.82925088530
1982-01-01,20525.29585147130
1983-01-01,21122.96484230510
1984-01-01,21912.15186185240
1985-01-01,22898.99424150230
1986-01-01,23527.71251884590
1987-01-01,24503.08456578020
1988-01-01,26026.86488211070
1989-01-01,27199.93996953700
1990-01-01,28422.21311951250
1991-01-01,29308.27408813700
1992-01-01,29462.65396709480
1993-01-01,29232.43979281780
1994-01-01,29466.75524517560
1995-01-01,30171.16379243470
1996-01-01,31046.17015446480
1997-01-01,31276.19307719320
1998-01-01,30795.08889009280
1999-01-01,30636.26611694300
2000-01-01,31430.63113032820
2001-01-01,31476.05206657900
2002-01-01,31416.12417724350
2003-01-01,31830.21758492620
2004-01-01,32515.11580243170
2005-01-01,33098.54746648720
2006-01-01,33531.51856307750
2007-01-01,33990.03603416850
2008-01-01,33557.64540415310
2009-01-01,31651.08377398530
2010-01-01,32942.20207837250
2011-01-01,33011.13423011000
2012-01-01,33518.44493689200
2013-01-01,34239.88624736830
2014-01-01,34386.90585528700
2015-01-01,34960.63938433850
2016-01-01,35242.19937718810
2017-01-01,35861.97285458380
2018-01-01,36138.52908247190
2019-01-01,36043.78440133650
2020-01-01,34650.79678027660
2021-01-01,35701.45427161420
2022-01-01,36202.63927489800
2023-01-01,36990.33011402050
